{
  "logging": {
    "logs": {
      "default": {
        "level": "INFO",
        "writer": {
          "output": "stdout"
        },
        "encoder": {
          "format": "json"
        }
      }
    }
  },
  "apps": {
    "http": {
      "servers": {
        "srv0": {
          "listen": [":${PORT}"],
          "logs": {
            "default_logger_name": "default"
          },
          "routes": [
            {
              "match": [{"path": ["/invocations*"]}],
              "handle": [
                {
                  "handler": "subroute",
                  "routes": [
                    {
                      "handle": [
                        {
                          "handler": "headers",
                          "request": {
                            "set": {
                              "X-Request-ID": ["{http.request.uuid}"]
                            }
                          },
                          "response": {
                            "set": {
                              "X-Request-ID": ["{http.request.uuid}"]
                            }
                          }
                        },
                        {
                          "handler": "rewrite",
                          "uri": "/v1/chat/completions{uri}"
                        },
                        {
                          "handler": "reverse_proxy",
                          "upstreams": [{"dial": "127.0.0.1:${BACKEND_PORT}"}],
                          "flush_interval": -1
                        }
                      ]
                    }
                  ]
                }
              ]
            },
            {
              "match": [{"path": ["/ping*"]}],
              "handle": [
                {
                  "handler": "subroute",
                  "routes": [
                    {
                      "handle": [
                        {
                          "handler": "rewrite",
                          "uri": "/v1/health/ready{uri}"
                        },
                        {
                          "handler": "reverse_proxy",
                          "upstreams": [{"dial": "127.0.0.1:${BACKEND_PORT}"}]
                        }
                      ]
                    }
                  ]
                }
              ]
            },
            {
              "handle": [
                {
                  "handler": "static_response",
                  "status_code": 404,
                  "body": "404 Not Found"
                }
              ]
            }
          ]
        }
      }
    }
  }
}